{"data":{"allGhostSettings":{"edges":[{"node":{"title":"Ghost & Gatsby","description":"Thoughts, stories and JAMstack","logo":"https://static.ghost.org/v1.0.0/images/ghost-logo.svg","icon":"https://gatsby.ghost.io/content/images/2019/01/favicon.png","cover_image":"https://static.ghost.org/v1.0.0/images/blog-cover.jpg","facebook":"ghost","twitter":"@tryghost","lang":"en","timezone":"Etc/UTC","codeinjection_head":null,"codeinjection_foot":null,"codeinjection_styles":"","navigation":[{"label":"Home","url":"/"},{"label":"Tag","url":"/tag/getting-started/"},{"label":"Author","url":"/author/ghost/"},{"label":"Help","url":"https://help.ghost.org"}]}}]}}}